{"train/decode.loss_ce": 0.08232183754444122, "train/decode.acc_seg": 97.0428466796875, "train/aux.loss_ce": 0.05124557763338089, "train/aux.acc_seg": 95.45364379882812, "train/loss": 0.1335674226284027, "learning_rate": 4.977302614726643e-07, "momentum": 0.9, "_timestamp": 1651543570, "_runtime": 49597, "_step": 64459, "val/aAcc": 0.9549, "val/mIoU": 0.7491, "val/mAcc": 0.8418000000000001, "val/IoU.Backgroud": 0.9716999816894532, "val/IoU.General trash": 0.5018000030517578, "val/IoU.Paper": 0.8305000305175781, "val/IoU.Paper pack": 0.6598000335693359, "val/IoU.Metal": 0.7258000183105469, "val/IoU.Glass": 0.7358000183105469, "val/IoU.Plastic": 0.6095999908447266, "val/IoU.Styrofoam": 0.7819000244140625, "val/IoU.Plastic bag": 0.8888999938964843, "val/IoU.Battery": 0.8051000213623047, "val/IoU.Clothing": 0.7288999938964844, "val/Acc.Backgroud": 0.9876000213623047, "val/Acc.General trash": 0.5756999969482421, "val/Acc.Paper": 0.9305000305175781, "val/Acc.Paper pack": 0.8323999786376953, "val/Acc.Metal": 0.7929000091552735, "val/Acc.Glass": 0.7968000030517578, "val/Acc.Plastic": 0.7826000213623047, "val/Acc.Styrofoam": 0.8408999633789063, "val/Acc.Plastic bag": 0.94, "val/Acc.Battery": 0.972699966430664, "val/Acc.Clothing": 0.8073999786376953, "_wandb": {"runtime": 49598}}